ProjectURL,Title,Description,APIsUsed (a.k.a. npm dependencies used),Tags/keywords for the projects
https://libraries.io/npm/enhanced-resolve,enhanced-resolve,Offers a async require.resolve function. It's highly configurable,graceful-fs|||tapable,fs||| module||| reading||| retry||| retries||| queue||| error||| errors||| handling||| EMFILE||| EAGAIN||| EINVAL||| EPERM||| EACCESS
https://libraries.io/npm/lcid,lcid,Mapping between standard locale identifiers and Windows locale identifiers (LCID),invert-kv,lcid||| locale||| string||| id||| identifier||| windows||| language||| lang||| map||| mapping||| convert||| json||| bcp47||| ietf||| tag
https://libraries.io/npm/caller-path,caller-path,Get the path of the caller function,caller-callsite,caller||| calling||| module||| path||| parent||| callsites||| callsite||| stacktrace||| stack||| trace||| function||| file
https://libraries.io/npm/osenv,osenv,Look up environment settings specific to different operating systems,os-homedir|||os-tmpdir,environment||| variable||| home||| tmpdir||| path||| prompt||| ps1
https://libraries.io/npm/stream-browserify,stream-browserify,the stream module from node core for browsers,inherits|||readable-stream,stream||| browser||| browserify
https://libraries.io/npm/is-glob,is-glob,"Returns `true` if the given string looks like a glob pattern or an extglob pattern. This makes it easy to create code that only uses external modules like node-glob when necessary, resulting in much faster code execution and initialization time, and a bet",is-extglob,bash||| braces||| check||| exec||| expression||| extglob||| glob||| globbing||| globstar||| is||| match||| matches||| pattern||| regex||| regular||| string||| test||| glob-pattern||| javascript||| matching||| node||| node-glob||| nodejs||| regexp
https://libraries.io/npm/timers-browserify,timers-browserify,Timers module for browserify,setimmediate,timers||| browserify||| browser
https://libraries.io/npm/are-we-there-yet,are-we-there-yet,Keep track of the overall completion of many disparate processes,delegates|||readable-stream,readable||| stream||| pipe||| node||| nodejs
https://libraries.io/npm/schema-utils,schema-utils,webpack Validation Utils,ajv|||ajv-keywords,webpack||| ajv||| schema||| schema-utils||| validation||| validator
https://libraries.io/npm/load-json-file,load-json-file,Read and parse a JSON file,graceful-fs|||parse-json|||strip-bom|||type-fest,read||| json||| parse||| file||| fs||| graceful||| load
https://libraries.io/npm/array-includes,array-includes,An ES7/ES2016 spec-compliant `Array.prototype.includes` shim/polyfill/replacement that works as far down as ES3.,define-properties|||es-abstract|||is-string,Array.prototype.includes||| includes||| array||| ES7||| shim||| polyfill||| contains||| Array.prototype.contains||| es-shim API
https://libraries.io/npm/write-file-atomic,write-file-atomic,Write files in an atomic fashion w/configurable ownership,imurmurhash|||is-typedarray|||signal-exit|||typedarray-to-buffer,writeFile||| atomic
https://libraries.io/npm/pinkie-promise,pinkie-promise,ES2015 Promise ponyfill,pinkie,promise||| promises||| es2015||| es6||| polyfill||| ponyfill
https://libraries.io/npm/babel-helper-define-map,babel-helper-define-map,Helper function to define a map,babel-helper-function-name|||babel-types|||lodash,
https://libraries.io/npm/diffie-hellman,diffie-hellman,pure js diffie-hellman,bn.js|||miller-rabin|||randombytes,diffie||| hellman||| diffiehellman||| dh
https://libraries.io/npm/raw-body,raw-body,Get and validate the raw body of a readable stream.,bytes|||http-errors|||iconv-lite|||unpipe,"
body||| http||| javascript||| nodejs||| parser||| stream"
https://libraries.io/npm/is-binary-path,is-binary-body,Check if a file path is a binary file,binary-extensions,binary||| extensions||| extension||| file||| path||| check||| detect||| is
https://libraries.io/npm/css-select,css-select,A CSS selector compiler/engine,boolbase|||css-what|||domutils|||nth-check,css||| selector||| sizzle||| css-selector||| cssselect||| dom||| dom-structure||| html||| javascript
https://libraries.io/npm/sockjs-client,sockjs-client,SockJS-client is a browser JavaScript library that provides a WebSocket-like object.,debug|||eventsource|||faye-websocket|||inherits|||json3|||url-parse,websockets||| websocket||| javascript||| real-time||| sockjs
https://libraries.io/npm/evp_bytestokey,evp_bytestokey,The insecure key derivation algorithm from OpenSSL,md5.js|||safe-buffer,crypto||| openssl||| javascript
https://libraries.io/npm/has-symbols,has-symbols,"Determine if the JS environment has Symbol support. Supports spec, or shams.",,Symbol||| symbols||| typeof||| sham||| polyfill||| native||| core-js||| ES6
https://libraries.io/npm/is-svg,is-svg,Check if a string or buffer is SVG,html-comment-regex,svg||| vector||| graphics||| image||| img||| pic||| picture||| type||| detect||| check||| is||| string||| str||| buffer
https://libraries.io/npm/copy-concurrently,copy-concurrently,"Promises of copies of files, directories and symlinks, with concurrency controls and win32 junction fallback.",aproba|||fs-write-stream-atomic|||iferr|||mkdirp|||rimraf|||run-queue,copy||| cpr
https://libraries.io/npm/errno,errno,libuv errno details exposed,prr,errors||| errno||| libuv
https://libraries.io/npm/cli-cursor,cli-cursor,Toggle the CLI cursor,restore-cursor,cli||| cursor||| ansi||| toggle||| display||| show||| hide||| term||| terminal||| console||| tty||| shell||| command-line
https://libraries.io/npm/fstream,fstream,Advanced file system stream things,graceful-fs|||inherits|||mkdirp|||rimraf,delete|||glob|||mkdir
https://libraries.io/npm/once,once,Run a function exactly one time,wrappy,once||| function||| one||| single
https://libraries.io/rubygems/loofah,loofah,"Loofah is a general library for manipulating and transforming HTML/XML documents and fragments, built on top of Nokogiri. Loofah excels at HTML sanitization (XSS prevention). It includes some nice HTML sanitizers, which are based on HTML5lib's safelist, so it most likely won't make your codes less secure. ",crass|||nokogiri,css||| parser||| ruby
https://libraries.io/npm/postcss-calc,postcss-calc,PostCSS plugin to reduce calc(),css-unit-converter|||postcss|||postcss-selector-parser|||postcss-value-parser,css||| postcss||| postcss-plugin||| calculation||| calc
https://libraries.io/npm/postcss-modules-scope,postcss-modules-scope,A CSS Modules transform to extract export statements from local-scope classes,postcss|||postcss-selector-parser,css-modules||| postcss||| plugin
https://libraries.io/npm/axios,axios,Promise based HTTP client for the browser and node.js,follow-redirects,xhr||| http||| ajax||| promise||| node||| http-client||| javascript||| nodejs
https://libraries.io/npm/regex-cache,regex-cache,"Memoize the results of a call to the RegExp constructor, avoiding repetitious runtime compilation of the same string and options, resulting in surprising performance improvements.",is-equal-shallow,cache||| expression||| regex||| regexp||| regular||| regular expression||| store||| to-regex||| javascript||| regular-expression
https://libraries.io/npm/dns-txt,dns-txt,Encode/decode DNS-SD TXT record RDATA fields,buffer-indexof,rfc6763||| 6763||| rfc6762||| 6762||| dns||| mdns||| multicast||| txt||| rdata||| dns-sd||| encode||| decode||| parse||| encoder||| decoder||| parser||| service||| discovery
https://libraries.io/npm/postcss-discard-duplicates,postcss-discard-duplicates,Discard duplicate rules in your CSS files with PostCSS.,postcss,css||| dedupe||| optimise||| postcss||| postcss-plugin
https://libraries.io/npm/postcss-convert-values,postcss-convert-values,Convert values with PostCSS ,postcss-value-parser,css||| optimisation||| postcss||| postcss-plugin
https://libraries.io/npm/postcss-discard-empty,postcss-discard-empty,Discard empty rules and values with PostCSS.,postcss,compress||| css||| empty||| minify||| optimisation||| postcss||| postcss-plugin
https://libraries.io/npm/duplexer2,duplexer2,Like duplexer but using streams3,readable-stream,duplex||| duplexer||| stream||| stream3||| join||| combine
https://libraries.io/npm/postcss-discard-overridden,postcss-discard-overridden,PostCSS plugin to discard overridden @keyframes or @counter-style,postcss,postcss||| css||| postcss-plugin||| at-rules||| @keyframes||| @counter-style
https://libraries.io/npm/nth-check,nth-check,performant nth-check parser & compiler,boolbase,nth-child||| nth||| css||| css-selector||| optimized-functions
https://libraries.io/npm/makeerror,makeerror,A library to make errors.,tmpl,BSD-3-Clause
https://libraries.io/npm/dir-glob,dir-glob,Convert directories to glob compatible strings,path-type,convert||| directory||| extensions||| files||| glob||| directories||| globbing||| matching||| nodejs||| pattern
https://libraries.io/npm/history,history,Manage session history with JavaScript,@babel/runtime,history||| location
https://libraries.io/npm/postcss-reduce-idents,postcss-reduce-idents,Reduce custom identifiers with PostCSS.,postcss|||postcss-value-parser,css||| postcss||| postcss-plugin
https://libraries.io/npm/open,open,"Open stuff like URLs, files, executables. Cross-platform.",is-docker|||is-wsl,app||| open||| opener||| opens||| launch||| start||| xdg-open||| xdg||| default||| cmd||| browser||| editor||| executable||| exe||| url||| urls||| arguments||| args||| spawn||| exec||| child||| process||| website||| file
https://libraries.io/npm/jasmine-spec-reporter,jasmine-spec-reporter,Spec reporter for jasmine behavior-driven development framework,colors,jasmine||| reporter||| bdd||| spec||| protractor||| typescript
https://libraries.io/npm/better-assert,better-assert,"Better assertions for node, reporting the expr, filename, lineno etc",callsite,assert||| stack||| trace||| debug
https://libraries.io/npm/original,original,Generate the origin from an URL or check if two URL/Origins are the same,url-parse,origin||| url||| parse
https://libraries.io/npm/string-length,string-length,Get the real length of a string - by correctly counting astral symbols and ignoring ansi escape codes,astral-regex|||strip-ansi,unicode||| string||| length||| size||| count||| astral||| symbol||| surrogates||| codepoints||| ansi||| escape||| codes
https://libraries.io/npm/postcss-color-rebeccapurple,postcss-color-rebeccapurple,PostCSS plugin to transform W3C CSS rebeccapurple color to more compatible CSS,postcss|||postcss-values-parser,css||| postcss||| postcss-plugin||| color||| colour||| rgb||| rebeccapurple
https://libraries.io/npm/run-queue,run-queue,"A promise based, dynamic priority queue runner, with concurrency limiting.",aproba,graceful-fs|||iferr|||imurmurhash|||readable-stream
https://libraries.io/npm/postcss-attribute-case-insensitive,postcss-attribute-case-insensitive,PostCSS plugin to support case insensitive attributes,postcss|||postcss-selector-parser,postcss||| css||| postcss-plugin||| attribute||| insensitive||| sensitive||| CSS4
https://libraries.io/npm/babel-plugin-macros,babel-plugin-macros,Allows you to build compile-time libraries,babel/runtime|||cosmiconfig|||resolve,babel-plugin||| macros||| macro||| babel-macro||| babel-plugin-macro||| babel-macros||| babel-plugin-macros||| babel
https://libraries.io/npm/klaw,klaw,File system walker with Readable stream interface.,graceful-fs,walk||| walker||| fs||| fs-extra||| readable||| streams
https://libraries.io/npm/cors,cors,Node.js CORS middleware,object-assign|||vary,cors||| express||| connect||| middleware||| expressjs||| javascript||| nodejs
https://libraries.io/npm/walker,walker,A simple directory tree walker.,makeerror,utils||| fs||| filesystem
https://libraries.io/npm/postcss-safe-parser,postcss-safe-parser,Fault-tolerant CSS parser for PostCSS,postcss,css||| postcss||| postcss-syntax||| parser||| fault tolerant
https://libraries.io/npm/raw-loader,raw-loader,A loader for webpack that allows importing files as a String,loader-utils|||schema-utils,webpack||| files||| raw||| webpack-loader
https://libraries.io/npm/fd-slicer,fd-slicer,safely create multiple ReadStream or WriteStream objects from the same file descriptor,pend,createReadStream||| createWriteStream
https://libraries.io/npm/vue-template-compiler,vue-template-compiler,template compiler for Vue 2.0,de-indent|||he,vue||| compiler||| framework||| frontend||| javascript
https://libraries.io/npm/registry-url,registry-url,Get the set npm registry URL,rc,npm||| conf||| config||| npmconf||| registry||| url||| uri||| scope
https://libraries.io/npm/karma-coverage-istanbul-reporter,karma-coverage-istanbul-reporter,A karma reporter that uses the latest istanbul 1.x APIs (with full sourcemap support) to report coverage.,istanbul-api|||minimatch,karma-plugin||| karma-reporter||| coverage||| istanbul||| istanbuljs||| coverage-report||| javascript
https://libraries.io/npm/workbox-streams,workbox-streams,A library that makes it easier to work with Streams in the browser.,workbox-core|||workbox-routing,workbox||| workboxjs||| service worker||| sw||| streams||| readablestream||| offline-first||| progressive-web-app||| service-worker||| service-workers||| sw-precache||| sw-toolbox
https://libraries.io/npm/jasmine,jasmine,Command line jasmine,glob|||jasmine-core,test||| jasmine||| tdd||| bdd
https://libraries.io/npm/image-size,image-size,get dimensions of any image file,queue,image||| size||| dimensions||| resolution||| width||| height||| png||| jpeg||| bmp||| gif||| psd||| tiff||| webp||| svg||| icns||| ico||| cur
https://libraries.io/npm/pretty-error,pretty-error,See nodejs errors with less clutter,renderkid|||utila,pretty||| error||| exception||| debug||| error-handling||| readable||| colorful||| prettify||| format||| human
https://libraries.io/npm/chrome-trace-event,chrome-trace-event,A library to create a trace of your node app per Google's Trace Event format.,tslib,trace-event||| trace||| event||| trace-viewer||| google
https://libraries.io/npm/JSONStream,JSONStream,streaming JSON.parse and stringify,jsonparse|||through,json||| stream||| streaming||| parser||| async||| parsing
https://libraries.io/npm/url-parse-lax,url-parse-lax,Lax url.parse() with support for protocol-less URLs & IPs,prepend-http,url||| uri||| parse||| parser||| loose||| lax||| protocol||| less||| protocol-less||| ip||| ipv4||| ipv6
https://libraries.io/npm/shallow-clone,shallow-clone,Creates a shallow clone of any JavaScript value.,kind-of,array||| clone||| copy||| extend||| mixin||| object||| primitive||| shallow||| regex||| regular-expression
https://libraries.io/npm/pump,pump,pipe streams together and close all of them if one of them closes,end-of-stream|||once,streams||| pipe||| destroy||| callback
https://libraries.io/npm/supertest,supertest,SuperAgent driven library for testing HTTP servers,methods|||superagent,superagent||| request||| tdd||| bdd||| http||| test||| testing||| assertions||| node||| supertest
https://libraries.io/npm/consolidate,consolidate,Template engine consolidation library,bluebird,engine||| template||| view
https://libraries.io/npm/identity-obj-proxy,identity-obj-proxy,an identity object using ES6 proxies,harmony-reflect,proxy||| proxies||| identity||| jest||| mock
https://libraries.io/npm/widest-line,widest-line,Get the visual width of the widest line in a string - the number of columns required to display it,string-width,string||| character||| unicode||| width||| visual||| column||| columns||| fullwidth||| full-width||| full||| ansi||| escape||| codes||| cli||| command-line||| terminal||| console||| cjk||| chinese||| japanese||| korean||| fixed-width
https://libraries.io/npm/magic-string,magic-string,"Modify strings, generate sourcemaps",sourcemap-codec,string||| string manipulation||| sourcemap||| templating||| transpilation
https://libraries.io/npm/error-stack-parser,error-stack-parser,Extract meaning from JS Errors,stackframe,stacktrace||| error||| stack||| parser||| error-handling||| javascript||| stacktracejs
https://libraries.io/npm/workbox-precaching,workbox-precaching,This module efficiently precaches assets.,workbox-core,workbox||| workboxjs||| service worker||| sw||| offline-first||| progressive-web-app||| service-worker||| service-workers||| sw-precache||| sw-toolbox
https://libraries.io/npm/user-home,user-home,Get the path to the user home directory,os-homedir,user||| home||| homedir||| os-homedir||| dir||| directory||| folder||| path||| env||| vars||| environment||| variables||| userprofile
https://libraries.io/rubygems/warden,warden,An authentication library compatible with all Rack-based frameworks,rack,warden|||rack
https://libraries.io/npm/wbuf,wbuf,Write buffer,minimalistic-assert,Write||| Buffer
https://libraries.io/npm/has-binary,has-binary,A function that takes anything in javascript and returns true if its argument contains binary data.,isarray,has-binary|||isarray
https://libraries.io/npm/property-information,property-information,Information for HTML properties,xtend,html||| property||| attribute||| information||| info
https://libraries.io/rubygems/pry-rails,pry-rails,Use Pry as your rails console,pry,pry|||pry-rails
https://libraries.io/npm/ordered-read-streams,ordered-read-streams,Combines array of streams into one read stream in strict order,readable-stream,ordered-read-streams|||readable-streams
https://libraries.io/rubygems/jekyll-sitemap,jekyll-sitemap,Automatically generate a sitemap.xml for your Jekyll site.,jekyll,jekyll-plugin||| ruby||| sitemap
https://libraries.io/npm/crc,crc,Module for calculating Cyclic Redundancy Check (CRC) for Node.js and the Browser.,buffer,crc
https://libraries.io/npm/is-unc-path,is-unc-path,Returns true if a filepath is a windows UNC file path.,unc-path-regex,absolute||| expression||| file||| filepath||| is||| match||| matching||| path||| regex||| regexp||| regular||| unc||| win||| windows
https://libraries.io/npm/keyv,keyv,Simple key-value storage with support for multiple backends,json-buffer,key||| value||| store||| cache||| ttl||| key-value||| keyv
https://libraries.io/rubygems/jekyll-feed,jekyll-feed,A Jekyll plugin to generate an Atom feed of your Jekyll posts,jekyll,atom||| jekyll-plugin||| rss||| ruby
https://libraries.io/npm/ps-tree,ps-tree,Get all children of a pid,event-stream,ps-tree|||event-stream
https://libraries.io/npm/babel-plugin-react-transform,babel-plugin-react-transform,Babel plugin to instrument React components with custom transforms,lodash,babel-plugin||| react-transform||| instrumentation||| dx||| react||| reactjs||| components
https://libraries.io/npm/archive-type,archive-type,Detect the archive type of a Buffer/Uint8Array,file-type,7zip||| archive||| buffer||| bz2||| bzip2||| check||| detect||| gz||| gzip||| mime||| rar||| zip||| file||| type
https://libraries.io/npm/path,path,Node.JS path module,process|||util,ender||| path
https://libraries.io/npm/sass,sass,A pure JavaScript implementation of Sass,chokidar,style||| scss||| sass||| preprocessor||| css||| css-preprocessor||| dart||| dart-sass
https://libraries.io/npm/plur,plur,Pluralize a word,irregular-plurals,plural||| plurals||| pluralize||| singular||| count||| word||| string||| irregular||| noun||| nouns
https://libraries.io/npm/accepts,accepts,"Higher level content negotiation based on negotiator. Extracted from koa for general use.
In addition to negotiator, it allows Allows types as an array or arguments list,shorthands such as json,Returns false when no types match,Treats non-existent headers as ",mime-types|||negotiator,content|||negotiation|||accept|||accepts|||http|||javascript|||nodejs
https://libraries.io/npm/ajv,ajv,Another JSON Schema Validator. Ajv generates code using doT templates to turn JSON Schemas into super-fast validation functions that are efficient for v8 optimization.,fast-deep-equal|||fast-json-stable-stringify|||json-schema-traverse|||uri-js,JSON|||schema|||validator|||validation|||jsonschema|||json-schema|||json-schema-validator|||json-schema-validation|||ajv
https://libraries.io/npm/ansi-styles,ansi-styles,ANSI escape codes for styling strings in the terminal.,color-convert,ansi|||styles|||color|||colors|||terminal|||console|||cli|||string|||tty|||escape|||formatting|||rgb|||256|||shell|||xterm|||log|||logging|||command-line|||text|||chalk
https://libraries.io/npm/anymatch,anymatch,"Matches strings against configurable strings, globs, regular expressions, and/or functions.",normalize-path|||picomatch,match|||any|||string|||file|||fs|||list|||glob|||regex|||regexp|||regular|||expression|||function|||javascript|||matcher|||micromatch|||minimatch|||multimatch|||node|||nodejs|||regular-expression
https://libraries.io/npm/debug,debug,A tiny JavaScript debugging utility modelled after Node.js core's debugging technique. Works in Node.js and web browsers.,ms,debug|||log|||debugger|||browser|||debugging|||javascript|||logging|||node|||node-js
https://libraries.io/npm/find-cache-dir,find-cache-dir,Finds the common standard cache directory.,commondir|||make-dir|||pkg-dir,cache|||directory|||dir|||caching|||find|||search|||nodejs|||npm
https://libraries.io/npm/grunt-release,grunt-release,Release a new version of your Node-based project.,q||| semver||| shelljs|||| superagent,gruntplugin|||bump|||release|||npm|||git
https://libraries.io/npm/jest,jest,"Delightful JavaScript Testing.Developer Ready: A comprehensive JavaScript testing solution. Works out of the box for most JavaScript projects.Instant Feedback: Fast, interactive watch mode only runs test files related to changed files.Snapshot Testing: Capture snapshots of large objects to simplify testing and to analyze how they change over time.",import-local|||jest-cli,ava|||babel|||coverage|||easy|||expect|||facebook|||immersive|||instant|||jasmine|||jest|||jsdom|||mocha|||mocking|||painless|||qunit|||runner|||sandboxed|||snapshot|||tap|||tape|||test|||testing|||typescript|||watch|||expectation|||javascript|||painless-javascript-testing
https://libraries.io/npm/npm-conf,npm-conf,Get the npm config.,config-chain|||pify,conf|||config|||global|||npm|||path|||prefix|||rc|||nodejs
https://libraries.io/npm/npm-path,npm-path,Get a PATH with all executables available to npm scripts.,which,npm|||run|||executable
https://libraries.io/npm/npm-pick-manifest,npm-pick-manifest,Resolves a matching manifest from a package metadata document according to standard npm semver resolution rules.,figgy-pudding|||npm-package-arg,npm|||run|||path|||package|||bin|||binary|||binaries|||script|||cli|||command-line|||execute|||executable
https://libraries.io/npm/npm-run-path,npm-run-path,Get your PATH prepended with locally installed binaries. In npm run scripts you can execute locally installed binaries by name. This enables the same outside npm.,path-key,npm|||run|||path|||package|||bin|||binary|||binaries|||script|||cli|||command-line|||execute|||executable|||PATH
https://libraries.io/npm/pkg-config,pkg-config,Parse the closest `package.json` and get package specific configurations.,debug-log|||find-root||| xtend ,pkg-config|||config|||node|||npm|||package
https://libraries.io/npm/pkg-dir,pkg-dir,Find the root directory of a Node.js project or npm package.,find-up,package|||json|||root|||npm|||entry|||find|||up|||find-up|||findup|||look-up|||look|||file|||search|||match|||resolve|||parent|||parents|||folder|||directory|||dir|||walk|||walking|||path
https://libraries.io/npm/safe-publish-latest,safe-publish-latest,"Ensure that when you `npm publish`, the ""latest"" tag is only set for the truly latest version.",hosted-git-info|||in-publish|||semver|||yargs,publish|||latest|||npm|||dist-tag|||tag|||safe|||prepublish
https://libraries.io/npm/del,del,"Delete files and directories using globs. Similar to rimraf, but with a Promise API and support for multiple files and globbing. It also protects you against deleting the current working directory and above.",globby|||graceful-fs|||is-glob|||is-path-cwd||is-path-inside|||p-map|||rimraf|||slash,delete|||files|||folders|||directories|||remove|||destroy|||trash|||unlink|||clean|||cleaning|||cleanup|||rm|||rmrf|||rimraf|||rmdir|||glob|||gulpfriendly|||file|||folder|||directory|||fs|||filesystem
https://libraries.io/npm/autoprefixer,autoprefixer,Parse CSS and add vendor prefixes to CSS rules using values from the Can I Use . Autoprefixer will use the data based on current browser popularity and property support to apply prefixes for you. ,browserslist|||caniuse-lite|||chalk|||normalize-range|||num2fraction|||postcss|||postcss-value-parser,autoprefixer|||css|||prefix|||postcss|||postcss-plugin|||postcss-plugins|||prefixer
https://libraries.io/npm/dashdash,dashdash,"A light, featureful and explicit option parsing library for nodejs.",assert-plus,option|||parser|||parsing|||cli|||command|||args|||bash|||completion
https://libraries.io/npm/js-yaml,js-yaml,"This is an implementation of YAML, a human-friendly data serialization language. Started as PyYAML port, it was completely rewritten from scratch. Now it's very fast, and supports 1.2 spec.",argparse|||esprima,yaml|||parser|||serializer|||pyyaml
https://libraries.io/npm/readdirp,readdirp,Recursive version of fs.readdir. Exposes a stream api and a promise api.,picomatch,recursive|||fs|||stream|||streams|||readdir|||filesystem|||find|||filter
https://libraries.io/npm/expand-range,expand-range,"Fast, bash-like range expansion. Expand a range of numbers or letters, uppercase or lowercase. Used by micromatch.",extend-shallow|||fill-range,alpha|||alphabetical|||bash|||brace|||expand|||expansion|||glob|||match|||matches|||matching|||number|||numerical|||range|||ranges|||sh|||array|||fill|||letters|||numbers|||range-expansion
https://libraries.io/npm/strip-ansi,strip-ansi,Strip ANSI escape codes from a string.,ansi-regex,strip|||trim|||remove|||ansi|||styles|||color|||colour|||colors|||terminal|||console|||string|||tty|||escape|||formatting|||rgb||| 256|||shell|||xterm|||log|||logging|||command-line|||text
https://libraries.io/npm/browserify-cipher,browserify-cipher,"Provides createCipher, createDecipher, createCipheriv, createDecipheriv and getCiphers for the browserify. Includes AES and DES ciphers.",browserify-aes|||browserify-des|||evp_bytestokey,aes|||browserify|||crypto|||des|||javascript
https://libraries.io/npm/camelcase-keys,camelcase-keys,Convert object keys to camel case.,camelcase|||map-obj|||quick-lru,map|||obj|||object|||key|||keys|||value|||values|||val|||iterate|||camelcase|||camel-case|||dash|||hyphen|||dot|||underscore|||separator|||string|||text|||convert|||deep|||recurse|||recursive
https://libraries.io/npm/npm-which,npm-which,"Locate a program or locally installed node module's executable. Use npm-which to locate executables which may be installed in the local 'node_modules/.bin', or in a parent 'node_modules/.bin' directory.  If you install a module that has an executable script using npm install, that module's executable will be picked up by npm-which from anywhere in the ./node_modules tree.",commander|||npm-path|||which,npm||| path||| executable||| run
https://libraries.io/npm/pre-commit,pre-commit,Automatically install pre-commit hooks for your npm modules. Its pre-commit hook installer for git. It will ensure that your npm test (or other specified scripts) passes before you can commit your changes. ,cross-spawn|||spawn-sync|||which,git||| hooks||| npm||| pre-commit||| pre-commit||| run||| test|||development
https://libraries.io/npm/is-dom,is-dom,Check if the given object is a dom node.,is-object|||is-window,dom|||html|||is-dom|||dom-node|||dom-object
https://libraries.io/npm/@lerna%2Fwrite-log-file,lerna/write-log-file,What lerna uses to dump logs.,npmlog|||write-file-atomic,lerna|||utils|||monorepo|||npm|||package|||publishing
https://libraries.io/npm/@lerna%2Flog-packed,lerna/Flog-packed,Log the result of npm pack.,byte-size|||columnify|||has-unicode|||npmlog,lerna|||npm|||log|||pack|||monorepo|||package|||publishing
https://libraries.io/npm/@lerna%2Fprompt,lerna/Fprompt,An internal Lerna tool.,inquirer|||npmlog,lerna|||utils|||monorepo|||npm|||package|||publishing
https://libraries.io/npm/@lerna%2Frimraf-dir,lerna/rimraf-dir,Run rimraf on a directory in a subprocess to hack around slowness.,npmlog|||path-exists|||rimraf|||lerna/child-process,lerna|||utils|||monorepo|||npm|||package|||publishing
https://libraries.io/npm/@lerna%2Fhas-npm-version,lerna/has-npm-version,Test if the current version of npm satisfies a given semver range.,semver|||lerna/child-process,lerna|||utils|||monorepo|||npm|||package|||publishing
https://libraries.io/npm/map-limit,map-limit,Async mapLimit's functionality available as a standalone npm module.,once,async|||map|||limit|||mapLimit
https://libraries.io/npm/postcss-partial-import,postcss-partial-import,"Partial Import lets you use sugary @import statements in CSS, including glob-like and Sass-like behavior. It even lets you generates imports as a scaffolding tool.",glob|||postcss-import,postcss|||css|||postcss-plugin|||sugar|||sass|||scss|||imports|||styles|||files|||partials|||modules|||bower|||node|||npm
https://libraries.io/npm/npm-watch,npm-watch,Run scripts from package.json when files change.,nodemon|||through2,npm|||watch|||nodemon|||monitor
https://libraries.io/npm/elm,elm,Installer for Elm. Just downloads the binary into node_modules.,async-each-series|||bin-wrapper|||logalot,bin|||binary|||binaries|||elm|||install|||installer|||compiler
https://libraries.io/npm/libnpmsearch,libnpmsearch,Programmatic API for searching in npm and compatible registries.,figgy-pudding|||get-stream|||npm-registry-fetch,npm|||search|||api|||libnpm
https://libraries.io/npm/grunt-karma-coveralls,grunt-karma-coveralls,An npm module for using Karma and Coveralls with Grunt.,coveralls|||glob|||karma-coverage|||log-driver,Grunt.js|||Karma|||Coveralls.js
https://libraries.io/npm/npm-registry-couchapp,npm-registry-couchapp,The CouchApp implementation of an npm registry.,couchapp|||json|||semver,npm|||registry|||couchapp|||design|||doc|||ddoc|||couchdb|||couch
https://libraries.io/npm/linklocal,linklocal,Install local dependencies as symlinks.,commander|||debug|||map-limit,npm|||packages|||symlink|||dependencies|||modules
https://libraries.io/npm/@lerna%2Fpackage,lerna/package,Lerna's internal representation of a package.,load-json-file|||npm-package-arg|||write-pkg,lerna|||npm|||config|||monorepo|||package|||publishing
https://libraries.io/npm/@lerna%2Fnpm-conf,lerna/npm-conf,Vendored npm-conf with updates.,config-chain|||pify,lerna|||npm|||config|||monorepo|||package|||publishing
https://libraries.io/npm/@lerna%2Foutput,lerna/output,An internal Lerna tool,libnpm,lerna|||utils|||monorepo|||npm|||package|||publishing
https://libraries.io/npm/@lerna%2Fvalidation-error,lerna/validation-error,An internal Lerna tool,libnpm,lerna|||core|||monorepo|||npm|||packagepublishing
https://libraries.io/npm/@lerna%2Fdescribe-ref,lerna/describe-ref,Parse git describe output for lerna-related tags.,lerna/child-process|||npmlog,lerna|||utils|||git|||describe|||monorepo|||npm|||package|||publishing
https://libraries.io/npm/grunt-npm-install,grunt-npm-install,Grunt task to install npm modules.,npm,gruntplugin|||npm|||install
https://libraries.io/npm/precommit-hook,precommit-hook,A useful pre-commit hook for git based projects that lints and runs npm test.  It allows you to run any scripts defined in your package.json before a commit is made.,git-validate|||jshint,precommit|||hook|||code|||quality
https://libraries.io/npm/realize-package-specifier,realize-package-specifier,"Like npm-package-arg, but more so, producing full file paths and differentiating local tar and directory sources.",dezalgo|||npm-package-arg,parse|||package|||specifier||local|||tarballs|||directories|||named|||modules
https://libraries.io/npm/grunt-npmcopy,grunt-npmcopy,NPM on the front-end without the cruft.,glob|||lodash,gruntplugin|||npmcopy|||npm|||copy|||package|||package|||manager
https://libraries.io/npm/less-plugin-npm-import,less-plugin-npm-import,NPM import plugin for lessjs. Adds the ability for less to import from npm packages.,promise|||resolve,less|||plugins|||npm|||import|||less|||prefixes|||less-plugin
https://libraries.io/npm/npm-programmatic,npm-programmatic,Use NPM commands programmatically.,bluebird,NPM|||Programmatic
https://libraries.io/npm/atom-package-path,atom-package-path,Get path of requirer apm module from your npm module.,sb-callsite,atom
https://libraries.io/npm/matchkeys,matchkeys,Utility for returning a list of arrays that contain matching keywords. Useful for filtering packagejson files.,lodash|||multimatch,filepath|||filter|||keys|||keywords|||match|||module|||node|||npm|||package|||package|||json|||paths|||pattern|||pkg|||require|||resolve|||resolved
https://libraries.io/npm/couch-login,couch-login,"A module for doing logged-in requests to a couchdb server. This module lets you log into couchdb to get a session token, then make requests using that session.",request,couchdb|||server|||database|||session|||token|||module|||wrapper|||login
https://libraries.io/npm/cldr-data,cldr-data,Npm module for Unicode CLDR JSON data. Provide tools to assist on fetching the data. Optimal for backend development and Nodejs environment.,cldr-data-downloader|||glob,unicode|||CLDR|||JSON|||data
https://libraries.io/npm/envar,envar,"Library to read environment variables, including npm package config, custom config file, command line and default object.",deeply|||minimist,env|||environment|||argument|||args|||option|||cli||| commandline|||process|||config|||npm|||package|||default
https://libraries.io/npm/define-properties,define-properties,"Define multiple non-enumerable properties at once. Uses ObjectdefineProperty when available. Falls back to standard assignment in older engines. Existing properties are not overridden. Accepts a map of property names to a predicate that, when true, force-overrides.",|,ObjectdefineProperty|||ObjectdefineProperties|||object|||property|||descriptor|||define||ES5
https://libraries.io/npm/mocha,mocha,"Simple, flexible, fun JavaScript test framework for Nodejs & the Browser.",ansi-colors|||browser-stdout|||debug|||diff|||escape-string-regexp||find-up|||glob|||growl|||he|||js-yaml|||log-symbols|||minimatch|||mkdirp|||ms|||node-environment-flags|||object.assign|||strip-json-comments|||supports-color|||which|||wide-align|||yargs|||yargs-parser|||yargs-unparser,mocha|||test|||bdd|||tdd|||tap|||browser|||javascript|||mochajs|||node|||test-framework|||testing|||testing-tools
https://libraries.io/npm/grunt-jscs,grunt-jscs,Grunt task for checking JavaScript Code Style with jscs,hooker|||jscs|||lodash|||vow,gruntplugin|||jscs|||codestyle|||checker|||code|||style
https://libraries.io/npm/tslint-plugin-prettier,tslint-plugin-prettier,Runs Prettier as a TSLint rule and reports differences as individual TSLint issues.,eslint-plugin-prettier|||lines-and-columns|||tslib,prettier|||tslint|||tslint-plugin|||tslint-rules
https://libraries.io/npm/redux-logger,redux-logger,Logger for Redux,deep-diff,redux|||logger|||redux-logger|||middleware|||angular|||react|||redux-middleware
https://libraries.io/npm/react-helmet,react-helmet,A document head manager for React. This reusable React component will manage all of your changes to the document head.,object-assign|||prop-types|||react-fast-compare|||react-side-effect,react-helmet|||nfl|||react|||document|||head|||title|||meta|||link|||script|||base|||noscript|||style|||helmet|||side-effect
https://libraries.io/npm/prettier-eslint,prettier-eslint,"Formats your JavaScript using prettier followed by eslint --fix. This formats your code via prettier, and then passes the result of that to eslint --fix. This way you can get the benefits of prettier's superior formatting capabilities, but also benefit from the configuration capabilities of eslint.",babel-runtime|||common-tags|||dlv|||eslint|||indent-string|||lodash.merge|||loglevel-colored-level-prefix|||prettier|||pretty-format|||require-relative|||typescript|||typescript-eslint-parser|||vue-eslint-parser,eslint|||formatter|||javascript|||prettier
https://libraries.io/npm/@babel%2Fplugin-external-helpers,@babel/plugin-external-helpers,This plugin contains helper functions that’ll be placed at the top of the generated code,babel/helper-plugin-utils,babel-plugin|||ast|||babel|||compiler|||es2015|||es6|||flavortown|||javascript
https://libraries.io/npm/nunjucks,nunjucks,"Nunjucks is a full featured templating engine for javascript. A powerful templating engine with inheritance, asynchronous control, and more. It is heavily inspired by jinja2.",asap|||a-sync-waterfall|||chokidar|||yargs,template|||templating
https://libraries.io/npm/ioredis,ioredis,"A robust, performance-focused and full-featured Redis client for Node.js.",cluster-key-slot|||debug|||denque|||lodash.defaults|||lodash.flatten|||redis-commands|||redis-errors|||redis-parser|||standard-as-callback,redis|||cluster|||sentinel|||pipelining|||node|||redis-client|||redis-cluster|||redis-sentinel
https://libraries.io/npm/boom,boom,HTTP-friendly error objects. Boom is part of the hapi ecosystem.,hoek,error|||http
https://libraries.io/npm/eslint-import-resolver-node,eslint-import-resolver-node,"Node default behavior import resolution plugin for eslint-plugin-import. This plugin intends to support linting of ES2015+ (ES6+) import/export syntax, and prevent issues with misspelling of file paths and import names.",debug|||resolve,eslint|||eslintplugin|||esnext|||modules|||eslint-plugin-import|||eslint-plugin|||javascript
https://libraries.io/npm/append-transform,append-transform,"Install a transform to `require.extensions` that always runs last, even if additional extensions are added later.",default-require-extensions,transform|||require|||append|||last|||coverage|||source-map|||extension|||module
https://libraries.io/npm/object.assign,object.assign,"ES6 spec-compliant Object.assign shim. This package implements the es-shim API interface. It works in an ES3-supported environment and complies with the spec. In an ES6 environment, it will also work properly with Symbols.
Takes a minimum of 2 arguments: target and source. Takes a variable sized list of source arguments - at least 1, as many as you want. Throws a TypeError if the target argument is null or undefined.",define-properties|||function-bind|||has-symbols|||object-keys,Object.assign|||assign|||ES6|||extend|||$.extend|||jQuery|||_.extend|||Underscore|||es-shim API|||polyfill|||shim
https://libraries.io/npm/babel-plugin-transform-exponentiation-operator,babel-plugin-transform-exponentiation-operator,Compile exponentiation operator to ES5,babel-helper-builder-binary-assignment-operator-visitor|||babel-plugin-syntax-exponentiation-operator,babel-plugin|||ast|||babel|||compiler|||es2015|||es6|||flavortown|||javascript
https://libraries.io/npm/morgan,morgan,HTTP request logger middleware for node.js. Create a new morgan logger middleware function using the given format and options.,basic-auth|||debug|||depd|||on-finished|||on-headers,express|||http|||logger|||middleware|||javascript|||nodejs
https://libraries.io/npm/query-string,query-string,Parse and stringify URL query strings,decode-uri-component|||split-on-first|||strict-uri-encode,browser|||querystring|||query|||string|||qs|||param|||parameter|||url|||parse|||stringify|||encode|||decode|||searchparams|||npm-package|||query-string|||urlsearchparams
https://libraries.io/npm/webpack-dev-middleware,webpack-dev-middleware,A development middleware for webpack. An express-style development middleware for use with webpack bundles and allows for serving of the files emitted from webpack. This should be used for development only.,memory-fs|||mime|||mkdirp|||range-parser|||webpack-log,webpack|||middleware|||develompent|||webpack-dev-middleware
https://libraries.io/npm/tmp,tmp,"This is a widely used library to create temporary files and directories in a node.js environment. Tmp offers both an asynchronous and a synchronous API. For all API calls, all the parameters are optional. There also exists a promisified version of the API, see tmp-promise. Tmp uses crypto for determining random file names, or, when using templates, a six letter random identifier. And just in case that you do not have that much entropy left on your system, Tmp will fall back to pseudo random numbers.",rimraf,temporary|||tmp|||temp|||tempdir|||tempfile|||tmpdir|||tmpfile
https://libraries.io/npm/eslint-module-utils,eslint-module-utils,"Core utilities to support eslint-plugin-import and other module-related plugins. This plugin intends to support linting of ES2015+ (ES6+) import/export syntax, and prevent issues with misspelling of file paths and import names. ",debug|||pkg-dir,eslint-plugin-import|||eslint|||modules|||esmodules|||eslint-plugin|||javascript
https://libraries.io/npm/domhandler,domhandler,Handler for htmlparser2 that turns pages into a dom. The DOM handler creates a tree containing all nodes of a page. The tree may be manipulated using the domutils or cheerio libraries.,domelementtype,dom|||htmlparser2|||dom-builder|||domhandler|||tree
https://libraries.io/npm/cache-base,cache-base,"Basic object cache with `get`, `set`, `del`, and `has` methods for node.js/javascript projects.",collection-visit|||get-value|||has-own-deep|||kind-of|||@sellside/emitter|||set-value|||union-value|||unset-value,base|||cache|||config|||data|||get|||has|||hash|||hasown|||object|||set|||store|||dot-notation|||emit|||extend|||inherit|||javascript|||node|||nodejs
https://libraries.io/npm/promise,promise,"Bare bones Promises/A+ implementation. This is a simple implementation of Promises. It is a super set of ES6 Promises designed to have readable, performant code and to provide just the extensions that are absolutely necessary for using promises today.",asap,promise|||ES6|||promises
https://libraries.io/npm/grunt-contrib-uglify,grunt-contrib-uglify,Minify JavaScript files with UglifyJS,chalk|||maxmin|||uglify-js|||uri-path,gruntplugin
https://libraries.io/npm/color,color,JavaScript library for immutable color conversion and manipulation with support for CSS color strings.,color-convert|||color-string,color|||colour|||css
https://libraries.io/npm/html-encoding-sniffer,html-encoding-sniffer,Sniff the encoding from a HTML byte stream. This package implements the HTML Standard's encoding sniffing algorithm in all its glory.,whatwg-encoding,encoding|||html
https://libraries.io/npm/json-stable-stringify,json-stable-stringify,deterministic JSON.stringify() with custom sorting to get deterministic hashes from stringified results,jsonify,json|||stringify|||deterministic|||hash|||sort|||stable
https://libraries.io/npm/es6-symbol,es6-symbol,ECMAScript 6 Symbol polyfill,d|||ext,symbol|||private|||property|||es6|||ecmascript|||harmony|||ponyfill|||polyfill
https://libraries.io/npm/espree,espree,An Esprima-compatible JavaScript parser built on Acorn. The goal of Espree is to produce output that is similar to Esprima with a similar API so that it can be used in place of Esprima.,acorn|||acorn-jsx|||eslint-visitor-keys,ast|||ecmascript|||javascript|||parser|||syntax|||acorn
https://libraries.io/npm/class-utils,class-utils,Utils for working with JavaScript classes and prototype methods.,arr-union|||define-property|||isobject|||static-extend,array|||assign|||class|||copy|||ctor|||define|||delegate|||descriptor|||extend|||extends|||inherit|||inheritance|||merge|||method|||object|||prop|||properties|||property|||prototype|||util|||utils|||javascript|||prototype-methods|||prototype-property|||utility
https://libraries.io/npm/collection-visit,collection-visit,"Visit a method over the items in an object, or map visit over the objects in an array.",map-visit|||object-visit,array|||arrays|||collection|||context|||function|||helper|||invoke|||key|||map|||method|||object|||objects|||value|||visit|||visitor
https://libraries.io/npm/md5.js,md5.js,node style md5 on pure JavaScript,hash-base|||inherits|||safe-buffer,crypto|||md5
https://libraries.io/npm/stream-http,stream-http,"Streaming http in the browser. This module is an implementation of Node's native http module for the browser. It tries to match Node's API and behavior as closely as possible, but some features aren't available, since browsers don't give nearly as much control over requests.",builtin-status-codes|||inherits|||readable-stream|||xtend,http|||stream|||streaming|||xhr|||http-browserify
https://libraries.io/npm/set-value,set-value,Create nested values and any intermediaries using dot notation (`'a.b.c'`) paths.,is-plain-object,get|||has|||hasown|||key|||keys|||nested|||notation|||object|||prop|||properties|||property|||props|||set|||value|||values|||deep-property|||dot-notation|||dot-prop|||getobject|||javascript|||lodash|||node|||object-path|||path|||set-deep|||val
https://libraries.io/npm/babel-plugin-dynamic-import-node,babel-plugin-dynamic-import-node,"Babel plugin to transpile import() to a deferred require(), for node. ",object.assign,babel|||plugin|||dynamic|||import|||node
https://libraries.io/npm/got,got,Human-friendly and powerful HTTP request library for Node.js,cacheable-lookup|||cacheable-request|||decompress-response|||duplexer3|||get-stream|||lowercase-keys|||mimic-response|||p-cancelable|||p-event|||responselike|||@sindresorhus/is|||@szmarczak/http-timer|||to-readable-stream|||type-fest|||@types/cacheable-request,http|||https|||http2|||get|||got|||url|||uri|||request|||simple|||curl|||wget|||fetch|||net|||network|||electron|||brotli|||requests|||human-friendly|||axios|||superagent|||http-client|||http-request|||nodejs|||npm-package
https://libraries.io/npm/union-value,union-value,Set an array of unique values as the property of an object. Supports setting deeply nested properties using using object-paths/dot notation.,get-value|||set-value,array|||dot|||get|||has|||nested|||notation|||object|||path|||prop|||property|||set|||union|||value|||dot-notation|||nested-values|||utility
https://libraries.io/npm/node-releases,node-releases,Node.js releases data. All data is located in data directory.,semver,nodejs|||releases|||babel-preset-env|||browserslist
https://libraries.io/npm/external-editor,external-editor,A node module to edit a string with a users preferred text editor using $VISUAL or $ENVIRONMENT.,chardet|||iconv-lite|||tmp,editor|||external|||user|||visual
https://libraries.io/npm/eslint-scope,eslint-scope,ESLint Scope is the ECMAScript scope analyzer used in ESLint. It is a fork of escope.,esrecurse|||estraverse,scope|||analyzer|||ESLint|||escope
https://libraries.io/npm/sort-keys,sort-keys,"Sort the keys of an object. Useful to get a deterministically ordered object, as the order of keys can vary between engines.",is-plain-obj,sort|||object|||keys|||key|||stable|||deterministic|||deep|||recursive|||recursively
https://libraries.io/npm/define-property,define-property,"Define a non-enumerable property on an object. Uses Reflect.defineProperty when available, otherwise Object.defineProperty.",is-descriptor|||isobject,define|||define-property|||enumerable|||key|||non|||non-enumerable|||object|||prop|||property|||value|||defineproperty|||javascript|||node|||nodejs|||reflect
https://libraries.io/npm/tr46,tr46,An implementation of the Unicode UTS #46: Unicode IDNA Compatibility Processing,punycode,unicode|||tr46|||uts46|||punycode|||url|||whatwg
https://libraries.io/npm/socket.io,socket.io,node.js realtime framework server. Socket.IO enables real-time bidirectional event-based communication. It consists of a Node.js server and a Javascript client library for the browser.,debug|||engine.io|||has-binary2|||socket.io-adapter|||socket.io-client|||socket.io-parser,realtime|||framework|||websocket|||tcp|||events|||socket|||io
https://libraries.io/npm/hmac-drbg,hmac-drbg,Deterministic random bit generator (hmac),hash.js|||minimalistic-assert|||minimalistic-crypto-utils,hmac|||drbg|||prng|||random|||bit
https://libraries.io/npm/test-exclude,test-exclude,test for inclusion or exclusion of paths using globs,glob|||@istanbuljs/schema|||minimatch,exclude|||include|||glob|||package|||config
https://libraries.io/npm/@babel%2Fhelper-module-imports,@babel/helper-module-imports,Babel helper functions for inserting module loads,@babel/types,ast|||babel|||compiler|||es2015|||es6|||flavortown|||javascript
https://libraries.io/npm/whatwg-url,whatwg-url,"whatwg-url is a full implementation of the WHATWG URL Standard. It can be used standalone, but it also exposes a lot of the internal algorithms that are useful for integrating a URL parser into a project like jsdom.",lodash.sortby|||tr46|||webidl-conversions,whatwg|||url|||parsing|||url-api
https://libraries.io/npm/pretty-format,pretty-format,Stringify any JavaScript value.,ansi-regex|||ansi-styles|||@jest/types|||react-is,boilerplate|||es6|||node|||starter|||kit|||transpile|||6to5|||babel|||easy|||expectation|||facebook|||immersive|||javascript|||painless|||painless-javascript-testing|||snapshot|||testing
https://libraries.io/npm/restore-cursor,restore-cursor,Gracefully restore the CLI cursor on exit. Prevent the cursor you've hidden interactively from remaining hidden if the process crashes.,onetime|||signal-exit,exit|||quit|||process|||graceful|||shutdown|||sigterm|||sigint|||terminate|||kill|||stop|||cli|||cursor|||ansi|||show|||term|||terminal|||console|||tty|||shell|||command-line
https://libraries.io/npm/karma-jasmine,karma-jasmine,Adapter for the Jasmine testing framework.,jasmine-core,karma-plugin|||karma-adapter|||jasmine
https://libraries.io/npm/object.omit,object.omit,"Return a copy of an object excluding the given key, or array of keys. Also accepts an optional filter function as the last argument.",is-extendable,clear|||delete|||key|||object|||omit|||property|||remove|||value|||filter|||javascript|||nodejs|||properties
https://libraries.io/npm/jest-diff,jest-diff,Display differences clearly so people can review changes confidently.,chalk|||diff-sequences|||jest-get-type|||pretty-format,easy|||expectation|||facebook|||immersive|||javascript|||painless|||painless-javascript-testing|||snapshot|||testing
https://libraries.io/npm/grunt-contrib-jshint,grunt-contrib-jshint,Validate files with JSHint,chalk|||hooker|||jshint,gruntplugin
https://libraries.io/npm/jest-matcher-utils,jest-matcher-utils,A set of utility functions for expect and related packages,chalk|||jest-diff|||jest-get-type|||pretty-format,easy|||expectation|||facebook|||immersive|||javascript|||painless|||painless-javascript-testing|||snapshot|||testing
https://libraries.io/npm/jest-docblock,jest-docblock,"`jest-docblock` is a package that can extract and parse a specially-formatted comment called a ""docblock"" at the top of a file.",detect-newline,easy|||expectation|||facebook|||immersive|||javascript|||painless|||painless-javascript-testing|||snapshot|||testing
https://libraries.io/npm/currently-unhandled,currently-unhandled,Track the list of currently unhandled promise rejections.,array-find-index,unhandled|||unhandledRejection|||rejected|||promises
https://libraries.io/npm/esrecurse,esrecurse,Esrecurse (esrecurse) is ECMAScript recursive traversing functionality.,estraverse,ast|||ecmascript|||estree|||javascript
https://libraries.io/npm/jest-util,jest-util,Delightful JavaScript Testing.,chalk|||is-ci|||@jest/types|||mkdirp,easy|||expectation|||facebook|||immersive|||javascript|||painless|||painless-javascript-testing|||snapshot|||testing
https://libraries.io/npm/jest-resolve,jest-resolve,Delightful JavaScript Testing.,browser-resolve|||chalk|||jest-pnp-resolver|||@jest/types|||realpath-native,easy|||expectation|||facebook|||immersive|||javascript|||painless|||painless-javascript-testing|||snapshot|||testing
https://libraries.io/npm/@babel%2Fhelper-simple-access,@babel/helper-simple-access,Babel helper for ensuring that access to a given value is performed through simple accesses,@babel/template,ast|||babel|||compiler|||es2015|||es6|||flavortown|||javascript
https://libraries.io/npm/jest-validate,jest-validate,"Generic configuration validation tool that helps you with warnings, errors and deprecation messages as well as showing users examples of correct configuration.",camelcase|||chalk|||jest-get-type|||@jest/types|||leven|||pretty-format,easy|||expectation|||facebook|||immersive|||javascript|||painless|||painless-javascript-testing|||snapshot|||testing
https://libraries.io/npm/jest-environment-node,jest-environment-node,Delightful JavaScript Testing.,jest-util|||@jest/environment|||@jest/fake-timers|||jest-mock|||@jest/types,easy|||expectation|||facebook|||immersive|||javascript|||painless|||painless-javascript-testing|||snapshot|||testing
https://libraries.io/npm/jest-environment-jsdom,jest-environment-jsdom,Delightful JavaScript Testing.,jsdom|||@jest/environment|||@jest/fake-timers|||jest-mock|||@jest/types|||jest-util,easy|||expectation|||facebook|||immersive|||javascript|||painless|||painless-javascript-testing|||snapshot|||testing
https://libraries.io/npm/@babel%2Fplugin-transform-modules-commonjs,@babel/plugin-transform-modules-commonjs,This plugin transforms ES2015 modules to CommonJS,babel-plugin-dynamic-import-node|||@babel/helper-module-transforms|||@babel/helper-plugin-utils|||@babel/helper-simple-access,babel-plugin|||ast|||babel|||compiler|||es2015|||es6|||flavortown|||javascript
https://libraries.io/npm/jest-changed-files,jest-changed-files,A module used internally by Jest to check which files have changed since you last committed in git or hg.,execa|||@jest/types|||throat,easy|||expectation|||facebook|||immersive|||javascript|||painless|||painless-javascript-testing|||snapshot|||testing
https://libraries.io/npm/globule,globule,An easy-to-use wildcard globbing library.,glob|||lodash|||minimatch,glob|||file|||match|||mapping|||expand|||wildcard|||pattern|||sync|||awesome
https://libraries.io/npm/parse-glob,parse-glob,Parse a glob pattern into an object of tokens.,glob-base|||is-dotfile|||is-extglob|||is-glob,glob|||match|||bash|||expand|||expansion|||expression|||file|||files|||filter|||find|||globbing|||globs|||globstar|||matcher|||matches|||matching|||path|||pattern|||patterns|||regex|||regexp|||regular|||shell|||wildcard
https://libraries.io/npm/@babel%2Fhelper-remap-async-to-generator,@babel/helper-remap-async-to-generator,Helper function to remap async functions to generators,babel/template|||@babel/types|||@babel/helper-wrap-function|||@babel/helper-annotate-as-pure|||@babel/traverse,ast|||babel|||compiler|||es2015|||es6|||flavortown|||javascript
https://libraries.io/npm/istanbul-lib-hook,istanbul-lib-hook,"Hooks for require, vm and script used in istanbul",append-transform,istanbul|||hook|||ava|||code-coverage|||javascript|||jest|||mocha|||nodejs|||tap|||tape
https://libraries.io/npm/url,url,This module has utilities for URL resolution and parsing meant to have feature parity with node.js core url module. The core `url` packaged standalone for use with Browserify.,punycode|||querystring,url|||parsing|||url-resolution
https://libraries.io/npm/@babel%2Fhelper-optimise-call-expression,@babel/helper-optimise-call-expression,Helper function to optimise call expression,@babel/types,ast|||babel|||compiler|||es2015|||es6|||flavortown|||javascript
https://libraries.io/npm/@babel%2Fhelper-replace-supers,@babel/helper-replace-supers,Helper function to replace supers,babel/types|||@babel/traverse|||@babel/helper-optimise-call-expression|||@babel/helper-member-expression-to-functions,ast|||babel|||compiler|||es2015|||es6|||flavortown|||javascript
https://libraries.io/npm/@babel%2Fhelper-builder-binary-assignment-operator-visitor,@babel/helper-builder-binary-assignment-operator-visitor,Helper function to build binary assignment operator visitors,babel/types|||@babel/helper-explode-assignable-expression,ast|||babel|||compiler|||es2015|||es6|||flavortown|||javascript
https://libraries.io/npm/@babel%2Fhelper-explode-assignable-expression,@babel/helper-explode-assignable-expression,Helper function to explode an assignable expression,babel/types|||@babel/traverse,ast|||babel|||compiler|||es2015|||es6|||flavortown|||javascript
https://libraries.io/npm/type-check,type-check,"type-check is a library which allows you to check the types of JavaScript values at runtime with a Haskell like type syntax. It is great for checking external input, for testing, or even for adding a bit of safety to your internal code. It is a major component of levn",prelude-ls,type|||check|||checking|||library
https://libraries.io/npm/@babel%2Fhelper-call-delegate,@babel/helper-call-delegate,Helper function to call delegate,babel/types|||@babel/traverse|||@babel/helper-hoist-variables,ast|||babel|||compiler|||es2015|||es6|||flavortown|||javascript
https://libraries.io/npm/@babel%2Fhelper-define-map,@babel/helper-define-map,Helper function to define a map,lodash|||@babel/types|||@babel/helper-function-name,ast|||babel|||compiler|||es2015|||es6|||flavortown|||javascript
https://libraries.io/npm/es6-iterator,es6-iterator,Iterator abstraction based on ES6 specification,d|||es5-ext|||es6-symbol,iterator|||array|||list|||set|||map|||generator
https://libraries.io/npm/@babel%2Fhelper-hoist-variables,@babel/helper-hoist-variables,Helper function to hoist variables,@babel/types,ast|||babel|||compiler|||es2015|||es6|||flavortown|||javascript
https://libraries.io/npm/onetime,onetime,Ensure a function is only called once. When called multiple times it will return the return value from the first call.,mimic-fn,once|||function|||one|||onetime|||func|||fn|||single|||call|||called|||prevent
https://libraries.io/npm/@babel%2Fplugin-transform-destructuring,@babel/plugin-transform-destructuring,Compile ES2015 destructuring to ES5,@babel/helper-plugin-utils,babel-plugin|||ast|||babel|||compiler|||es2015|||es6|||flavortown|||javascript
https://libraries.io/npm/@babel%2Fplugin-transform-arrow-functions,@babel/plugin-transform-arrow-functions,Compile ES2015 arrow functions to ES5,@babel/helper-plugin-utils,babel-plugin|||ast|||babel|||compiler|||es2015|||es6|||flavortown|||javascript
https://libraries.io/npm/@babel%2Fplugin-transform-block-scoping,@babel/plugin-transform-block-scoping,Compile ES2015 block scoping (const and let) to ES5,lodash|||@babel/helper-plugin-utils,babel-plugin|||ast|||babel|||compiler|||es2015|||es6|||flavortown|||javascript
https://libraries.io/npm/@babel%2Fplugin-transform-exponentiation-operator,@babel/plugin-transform-exponentiation-operator,Compile exponentiation operator to ES5,babel/helper-plugin-utils|||@babel/helper-builder-binary-assignment-operator-visitor,babel-plugin|||ast|||babel|||compiler|||es2015|||es6|||flavortown|||javascript
https://libraries.io/npm/@babel%2Fplugin-transform-for-of,@babel/plugin-transform-for-of,Compile ES2015 for...of to ES5,@babel/helper-plugin-utils,babel-plugin|||ast|||babel|||compiler|||es2015|||es6|||flavortown|||javascript
https://libraries.io/npm/@babel%2Fplugin-transform-computed-properties,@babel/plugin-transform-computed-properties,Compile ES2015 computed properties to ES5,@babel/helper-plugin-utils,babel-plugin|||ast|||babel|||compiler|||es2015|||es6|||flavortown|||javascript
https://libraries.io/npm/@babel%2Fhelper-regex,@babel/helper-regex,Helper function to check for literal RegEx,lodash,ast|||babel|||compiler|||es2015|||es6|||flavortown|||javascript
https://libraries.io/npm/@babel%2Fplugin-transform-function-name,@babel/plugin-transform-function-name,Apply ES2015 function.name semantics to all functions,babel/helper-plugin-utils|||@babel/helper-function-name,babel-plugin|||ast|||babel|||compiler|||es2015|||es6|||flavortown|||javascript
https://libraries.io/npm/@babel%2Fplugin-transform-literals,@babel/plugin-transform-literals,Compile ES2015 unicode string and number literals to ES5,@babel/helper-plugin-utils,babel-plugin|||ast|||babel|||compiler|||es2015|||es6|||flavortown|||javascript
https://libraries.io/npm/babel-plugin-transform-class-properties,babel-plugin-transform-class-properties,This plugin transforms static class properties as well as properties declared with the property initializer syntax,babel-helper-function-name|||babel-plugin-syntax-class-properties|||babel-template,babel-plugin|||ast|||babel|||compiler|||es2015|||es6|||flavortown|||javascript
https://libraries.io/npm/sntp,sntp,SNTP Client. sntp is part of the hapi ecosystem and was designed to work seamlessly with the hapi web framework and its other components (but works great on its own or with other frameworks).,boom|||bounce|||hoek|||teamwork,sntp|||ntp|||time
https://libraries.io/npm/@babel%2Fplugin-transform-regenerator,@babel/plugin-transform-regenerator,Explode async and generator functions into a state machine.,regenerator-transform,ast|||babel|||compiler|||es2015|||es6|||flavortown|||javascript
https://libraries.io/npm/spdx-correct,spdx-correct,correct invalid SPDX expressions,spdx-expression-parse|||spdx-license-ids,SPDX|||law|||legal|||license|||metadata
https://libraries.io/npm/@babel%2Fplugin-transform-spread,@babel/plugin-transform-spread,Compile ES2015 spread to ES5,@babel/helper-plugin-utils,babel-plugin|||ast|||babel|||compiler|||es2015|||es6|||flavortown|||javascript
https://libraries.io/npm/@babel%2Fplugin-transform-shorthand-properties,@babel/plugin-transform-shorthand-properties,Compile ES2015 shorthand properties to ES5,@babel/helper-plugin-utils,babel-plugin|||ast|||babel|||compiler|||es2015|||es6|||flavortown|||javascript
https://libraries.io/npm/@babel%2Fplugin-transform-template-literals,@babel/plugin-transform-template-literals,Compile ES2015 template literals to ES5,babel/helper-plugin-utils|||@babel/helper-annotate-as-pure,babel-plugin|||ast|||babel|||compiler|||es2015|||es6|||flavortown|||javascript
https://libraries.io/npm/rc,rc,hardwired configuration loader. The non-configurable configuration loader for lazy people.,deep-extend|||ini|||minimist|||strip-json-comments,config|||rc|||unix|||defaults
https://libraries.io/npm/is-data-descriptor,is-data-descriptor,Returns true if a value has the characteristics of a valid JavaScript data descriptor.,kind-of,accessor|||check|||data|||descriptor|||get|||getter|||is|||keys|||object|||properties|||property|||set|||setter|||type|||valid|||value
https://libraries.io/npm/@babel%2Fplugin-proposal-optional-catch-binding,@babel/plugin-proposal-optional-catch-binding,Compile optional catch bindings,babel/helper-plugin-utils|||@babel/plugin-syntax-optional-catch-binding,babel-plugin|||ast|||babel|||compiler|||es2015|||es6|||flavortown|||javascript
https://libraries.io/npm/@babel%2Fplugin-syntax-optional-catch-binding,@babel/plugin-syntax-optional-catch-binding,Allow parsing of optional catch bindings,@babel/helper-plugin-utils,babel-plugin|||ast|||babel|||compiler|||es2015|||es6|||flavortown|||javascript
https://libraries.io/npm/loose-envify,loose-envify,Fast (and loose) selective `process.env` replacer using js-tokens instead of an AST,js-tokens,environment|||variables|||browserify|||browserify-transform|||transform|||source|||configuration
https://libraries.io/npm/expand-tilde,expand-tilde,"Bash-like tilde expansion for node.js. Expands a leading tilde in a file path to the user home directory, or `~+` to the cwd.",homedir-polyfill,cwd|||expand|||expansion|||filepath|||home|||path|||pwd|||tilde|||user|||userhome|||javascript|||nodejs|||tilde-expansion
https://libraries.io/npm/miller-rabin,miller-rabin,Miller Rabin algorithm for primality test,bn.js|||brorand,prime|||miller-rabin|||bignumber
https://libraries.io/npm/@babel%2Fplugin-transform-sticky-regex,@babel/plugin-transform-sticky-regex,Compile ES2015 sticky regex to an ES5 RegExp constructor,babel/helper-plugin-utils|||@babel/helper-regex,babel-plugin|||ast|||babel|||compiler|||es2015|||es6|||flavortown|||javascript
https://libraries.io/npm/bootstrap-social,bootstrap-social,Social Buttons for Bootstrap.,bootstrap|||font-awesome,bootstrap||| css||| social-buttons
https://libraries.io/npm/request-ip,request-ip,A small node.js module to retrieve the request's IP address.,is_js,request ip||| ip||| address||| request||| proxy||| client||| header||| X-Client-IP||| X-Forwarded-For||| CF-Connecting-IP||| Fastly-Client-IP||| True-Client-IP||| X-Real-IP||| X-Cluster-Client-IP||| X-Forwarded||| Forwarded-For||| connection.remoteAddress||| connection.socket.remoteAddress||| req.info.remoteAddress||| middleware||| ipv4||| ipv6||| nodejs||| nodejs-library||| npm
https://libraries.io/npm/graphql-config-extension-prisma,graphql-config-extension-prisma,Injects endpoints and headers into a GraphQL Config instance based on a given prisma.yml .,graphql-config|||prisma-yml,graphql-config-extension-prisma
https://libraries.io/npm/tarr,tarr,Tarr for node.,block-stream ||| fstream ||| inherits,tarr
https://libraries.io/npm/which-pm,which-pm,Detects what package manager was used for installation.,load-yaml-file|||path-exists,npm||| pnpm||| yarn
https://libraries.io/npm/preferred-pm,preferred-pm,Detects what package manager was used for installation.,path-exists|||which-pm,npm||| pnpm||| yarn
https://libraries.io/npm/npm-scripts-info,npm-scripts-info,Display the description of your npm scripts.,chalk|||meow|||unquote,build-tool||| npm
https://libraries.io/npm/package.json,package.json,Get the package.json content either from npm or from a git repository.,git-package-json|||git-source|||package-json,package||| git||| npm
https://libraries.io/npm/elm-hot-loader,elm-hot-loader,This loader injects HMR support code to the Elm module generated by elm-webpack-loader.,loader-utils,elm-hot-loader
https://libraries.io/npm/exec-glob,exec-glob,CL Utility to execute command against glob.,glob,exec||| npm||| glob
https://libraries.io/npm/npx,npx,Execute npm package binaries.,libnpx ||| npm,npm||| npm exec||| shell||| scripts||| npm bin||| cli
https://libraries.io/npm/yarn-or-npm,yarn-or-npm,Use Yarn or npm to execute a command.,cross-spawn ||| pkg-dir,yarn||| npm||| spawn||| command
https://libraries.io/npm/generate-changelog,generate-changelog,Generate a changelog from git commits.,bluebird|||commander||| github-url-from-git,changelog||| cli||| npm||| version||| git||| semver
https://libraries.io/npm/get-installed-path,get-installed-path,Get installation path where the given package is installed. Works for globally and locally installed packages.,global-modules,filepath||| get||| global||| globally||| install||| installed||| local||| locally||| npm||| package||| path||| pkg||| resolve||| detect||| is-installed||| modules
https://libraries.io/npm/contentful-resolve-response,contentful-resolve-response,Resolve items & includes of a Contentful API response into a proper object graph.,lodash,contentful-resolve-response
https://libraries.io/npm/npm-keyword,npm-keyword,Get a list of npm packages with a certain keyword.,got||| registry-url,npm||| keyword||| package||| packages||| pkg||| registry||| find||| search
https://libraries.io/npm/protractor-html-screenshot-reporter,protractor-html-screenshot-reporter,An npm module and grunt plugin which generates your Protractor test reports in HTML with screenshots.,mkdirp||| underscore,screenshot||| selenium||| protractor||| jasmine||| reporter||| gruntplugin||| protractor html report
https://libraries.io/npm/scroll-lazy,scroll-lazy,Event emitter for lazy scrolling.,event-emitter,lazy||| scroll||| javascript||| npm
https://libraries.io/npm/mocha-sugar-free,mocha-sugar-free,Write mocha test cases without using globals or this. Browserify compatible. Mocha without the sugar.,xtend,mocha||| karma||| browser||| browserify||| tdd||| bdd||| test||| npm||| require||| commonjs
https://libraries.io/npm/gulp-npm-script-sync,gulp-npm-script-sync,Gulp-npm-script-sync.,detect-indent,gulp-npm-script-sync
https://libraries.io/npm/rnpm-plugin-install,rnpm-plugin-install,Composition of npm install and rnpm link.,npmlog,rnpm-plugin-install
https://libraries.io/npm/serverless-plugin-aws-alerts,serverless-plugin-aws-alerts,A Serverless plugin to easily add CloudWatch alarms to functions.,lodash,aws||| aws-cloudwatch||| serverless||| serverless-framework
https://libraries.io/npm/run-scripts,run-scripts,Run multiple npm scripts sequentially in one go.,async,npm||| scripts||| script||| command||| cli||| utility
https://libraries.io/npm/parse-authors,parse-authors,"Parse a string into an array of objects with name,email and url properties following npm conventions. Useful for the authors property in package.json or for parsing an AUTHORS file into an array of authors objects.",parse-author,author||| authors||| exec||| expression||| extract||| maintainer||| maintainers||| match||| package||| parse||| person||| pkg||| re||| regex||| regexp||| regular
https://libraries.io/npm/npm-link-check,npm-link-check,CLI utility that checks whether a projects current node modules tree contains npm-linked packages,glob,npm||| npm-link||| version||| publish
https://libraries.io/npm/install-peers,install-peers,Automatically installs projects peerDependencies.,executioner,peerdependencies||| peers||| peerdeps||| dev||| devdeps||| devdependencies||| install||| automatically||| npm||| yarn||| nvm||| local
https://libraries.io/npm/vue-burger-menu,vue-burger-menu,An off-canvas sidebar Vue component with a collection of effects and styles using CSS transitions and SVG path animations.,vue,vuejs||| menu||| hamburger||| sidebar||| css-transitions||| hamburger-menu||| sidebar-menu||| vue-burger-menu||| vue-components||| vue-sidebar||| vuejs2
https://libraries.io/npm/netatmo,netatmo,A node.js module to hook into the netatmo API.,moment |||request,netatmo||| netatmo api||| javascript||| netatmo-api||| node||| node-module||| npm
https://libraries.io/npm/babel-install,babel-install,Declare & install Babel plugins & transforms the easy way.,in-publish|||yargs-parser,babel||| install||| declare||| babelrc||| sync||| merge||| cli||| programatically||| save||| both||| npm
https://libraries.io/npm/angular2-wizard,angular2-wizard,"This is an Angular2 Form Wizard component. Just like any form wizard. You can define steps and control how each step works. You can enable/disable navigation button based on validity of the current step. Currently, the component only support basic functionality. More features will come later.",bootstrap,angular2-wizard||| form-wizard||| wizard||| wizard-step||| angular2||| angular2-component||| bootstrap4
https://libraries.io/npm/import-package,import-package,Import an npm package from the disk.,load-from-cwd-or-npm,npm||| package||| import||| require||| load||| attain||| async||| cache||| javascript||| nodejs||| promise||| stream
https://libraries.io/npm/ngrx,ngrx,Security holding package.,fs-extra,ngrx
https://libraries.io/npm/npm-request,npm-request,Request with npmrc's auth.,urllib,npm||| request||| auth
https://libraries.io/npm/opencv-build,opencv-build,A simple script to auto build recent OpenCV + contrib version via npm.,npmlog,opencv||| build||| opencv4nodejs
https://libraries.io/npm/greenkeeper,greenkeeper,Keeps your software up to date  all the time.,opener,dependencies||| dependency-manager||| github||| greenkeeper||| npm
https://libraries.io/nuget/Npm.js,Npm.js,A package manager for node. https://npmjs.org/ Prefer to use ASP.NET 5 which has native support for NodeJS.,Node.js,node||| nodejs||| npm
https://libraries.io/npm/slate-md-serializer,slate-md-serializer,A Markdown serializer for the Slate Editor.,hashtag-regex,editor||| markdown||| slate
https://libraries.io/npm/install-self,install-self,Self-reference an NPM module and get rid of relative references.,fs-extra|||npm-packlist,install||| self||| npm||| link||| reference
https://libraries.io/npm/safestart,safestart,Checks if everything is up to date.,normalize-git-url|||semver,npm||| dependencies||| node_modules||| package.json
https://libraries.io/npm/cake-publish,cake-publish,Publish projects to npm and GitHub.,executive,github||| javascript||| nodejs||| npm||| publishing||| sake||| task
https://libraries.io/packagist/nodejs-php-fallback%2Fnodejs-php-fallback,nodejs-php-fallback/nodejs-php-fallback,Allow you to call node.js module or scripts throught PHP and call a fallback function if node.js is not available,composer-plugin-api,adapter||| composer||| nodejs||| npm||| php||| wrapper
https://libraries.io/npm/jqueryui-browser,jqueryui-browser,jqueryui npm package for browsers.,jquery-browser,jqueryui-browser
https://libraries.io/npm/cake-version,cake-version,Use chai assertians in mocha tasks.,semver,build-tool||| git||| javascript||| nodejs||| npm||| sake||| versioning
https://libraries.io/packagist/foxy%2Ffoxy,foxy/foxy,"Fast, reliable, and secure NPM/Yarn bridge for Composer.",composer-plugin-api,nodejs||| package||| asset||| composer||| Bridge||| npm||| dependency manager||| yarn||| composer-plugin||| dependency-manager||| foxy||| php
https://libraries.io/npm/rollup-config-module,rollup-config-module,Rollup config to create npm modules that support both ECMAScript module and CommonJS.,eslint,rollup||| config||| module||| modern||| future||| ecmascript||| commonjs||| interoperable||| support||| compatibility||| preset||| build||| futuristic||| javascript||| nodejs||| sharable-config
https://libraries.io/npm/package-build-order,package-build-order,Determines the dependency order in which to build npm packages.,mz|||strip-json-comments,package build order|||  npm||| json||| tsconfig
https://libraries.io/npm/ptz-assert,ptz-assert,Ptz-assert is an assertion library for creating less verbose tests that wrappers npm assert.,assert|||ptz-log,polutz||| ptz||| ptz-assert||| assertion||| library
https://libraries.io/npm/npm-packlist-fixed,npm-packlist-fixed,Get a list of the files to add from a folder into an npm package.,ignore-walk|||npm-bundled,npm-packlist-fixed
https://libraries.io/npm/fft-js,fft-js,Simple pure Javascript implementation of the Cooley-Tukey algorithm. Note: fft-js was chosen as the name since a lot of the FFT implementations on NPM at the time this was published were wrappers for Ruby or C.,bit-twiddle|||commander,fft||| dft||| fast||| discrete||| fourier||| transform||| audio||| speech||| cooley||| tukey
https://libraries.io/npm/d3-plugins-sankey,d3-plugins-sankey,A bower and npm compatible fork of D3's Sankey plugin.,d3,d3||| sankey
https://libraries.io/npm/firebaseui-angular,firebaseui-angular,Firebaseui-angular.,tslib,angular||| firebase||| firebaseui||| angularfire2||| firebase-auth
https://libraries.io/npm/liferay-npm-bundler-plugin-namespace-packages,liferay-npm-bundler-plugin-namespace-packages,A liferay-npm-bundler plugin to namespace package names based on root project's name.,liferay-npm-build-tools-common,liferay-npm-bundler-plugin-namespace-packages
https://libraries.io/npm/@nuxtjs%2Fbootstrap-vue,nuxtjs/bootstrap-vue,This is a mono repository for some smaller nuxt modules.,bootstrap-vue,axios||| bootstrap||| markdown||| nuxt||| nuxt-module||| nuxt-modules||| offline||| pwa
https://libraries.io/npm/token-facilitator,token-facilitator,Generates tokens and stores them with relevant data in redis.,bluebird|||verror,token||| redis
https://libraries.io/npm/util.promisify-all,util.promisify-all,util.promisify' for objects. Uses util.promisify under the hood.,object.entries|||util.promisify,util.promisify-all
https://libraries.io/npm/easy-router,easy-router,npm install easy-router,ip|||opn,nodejs||| router
https://libraries.io/nuget/Npm,Npm,A package manager for JavaScript.,Node.js|||NoGit,javascript||| node||| js||| manager||| package
https://libraries.io/npm/jq-cli-wrapper,jq-cli-wrapper,A npm wrapper around the jq cli.,bin-wrapper|||debug,cli-wrapper||| jq||| json||| cli||| jq-cli||| npm-package
https://libraries.io/npm/liferay-npm-bundler-plugin-exclude-imports,liferay-npm-bundler-plugin-exclude-imports,A liferay-npm-bundler plugin to exclude imported dependencies.,liferay-npm-build-tools-common,liferay-npm-bundler-plugin-exclude-imports
https://libraries.io/npm/liferay-npm-bundler-plugin-inject-imports-dependencies,liferay-npm-bundler-plugin-inject-imports-dependencies,A liferay-npm-bundler plugin to force injection of declared imports as dependencies.,liferay-npm-build-tools-common,liferay-npm-bundler-plugin-inject-imports-dependencies
https://libraries.io/npm/npm-auto-version,npm-auto-version,Automatically generates version number based on Git Tags.,semver,version||| continuous delivery||| continuous improvement||| autoversion
https://libraries.io/npm/irish-pub,irish-pub,Feel like npm is drunk or maybe you are and want to verify what gets published via npm publish irish-pub has you covered.,readable-stream||| tar,npm||| publish||| pack||| secret
https://libraries.io/npm/npm-latest,npm-latest,Quickly find the latest version of a package in npm.,colors|||vcsurl,npm||| latest||| version
https://libraries.io/npm/express-brute-mongo,express-brute-mongo,MongoDB store for express-brute.,moment||| xtend,express-brute-mongo
https://libraries.io/npm/stripe-debug,stripe-debug,Npm install for Stripe.js — for testing only.,got,stripe||| debug||| development
https://libraries.io/npm/ngx-stripe,ngx-stripe,"Stripe Service , Lazy script loading,AoT compliant,SSR fallback",tslib,angular||| stripe||| payments
https://libraries.io/npm/superagent-logger,superagent-logger,Superagent middleware for adding NPM-style logging. Useful for debugging HTTP clients.,chalk,superagent||| npm||| logger||| debugging||| debug||| logs||| request||| http
https://libraries.io/npm/bash.origin,bash.origin,The original spark for this project came from needing an easy way to get the path of the current Bast script.,minimist,bash.origin
https://libraries.io/npm/@avalanche%2Feslint-config,avalanche/eslint-config,ESLint config.,eslint-config-airbnb-base,eslint||| eslintconfig||| config||| javascript||| styleguide||| avalanche||| css||| css-framework||| npm||| package-based||| sass||| sass-framework||| scss
https://libraries.io/npm/pdfreader,pdfreader,"Read text and parse tables from PDF files. Supports tabular data with automatic column detection, and rule-based parsing.",pdf2json,pdf||| reader||| parser||| parse||| parsing||| convert||| CLI||| table||| data||| csv||| json||| rules||| data-extraction||| javascript||| parse-tables||| pdf-converter||| pdf-reader||| rule-based-parsing||| tabular-data
https://libraries.io/npm/bbop-core,bbop-core,A set of useful and common JavaScript functions to supplement other more basic utility libraries.,underscore,node||| npm||| client||| server||| Gene Ontology||| GO||| bbop||| Berkeley BOP||| general||| utility||| utilities
https://libraries.io/npm/stylelint-color-format,stylelint-color-format,Convert Hex colors to either RGBA or HSLA.,color|||style-search,stylelint||| stylelint-plugin||| css||| sass||| scss||| code-quality||| linter-plugin||| npm||| npm-package
https://libraries.io/npm/please-update-dependencies,please-update-dependencies,Ensure that users of your package don't forget to run npm install.,chalk||| semver,dependencies||| update||| cli||| relief
https://libraries.io/npm/fluid-publish,fluid-publish,"A command line tool and node module that can be used to simplify the process of publishing a module to NPM. This is particularly useful for creating development releases, e.g. nightly or continuous integration releases.",es6-template-strings|||extend,npm||| publish||| node||| module||| CLI
https://libraries.io/npm/read-package-json-fast,read-package-json-fast,"Like read-package-json, but faster.",json-parse-even-better-errors|||npm-normalize-package-bin,read-package-json-fast
https://libraries.io/npm/ts-npm-lint,ts-npm-lint,Utility to create typescript based npm modules. Can also strip reference paths for .d.ts files and check TSD configs.,chalk||| glob,npm||| typescript||| package||| lint||| tsd
https://libraries.io/npm/engine-dependencies,engine-dependencies,Install different versions of dependencies depending on which version of Node you are using.,jquery|||semver,npm||| dependencies||| engines
https://libraries.io/npm/scribe-plugin-sanitizer,scribe-plugin-sanitizer,This project is no longer distributed over Bower. Please use npm for future versions.,html-janitor|||lodash-amd,scribe-plugin-sanitizer
https://libraries.io/npm/grunt-nsp-shrinkwrap,grunt-nsp-shrinkwrap,Grunt plugin for Node Security Project npm-shrinkwrap.json validation,grunt||| nsp,nsp||| grunt||| gruntplugin||| shrinkwrap||| npm-shrinkwrap.json||| security
https://libraries.io/npm/firebase-functions-helper,firebase-functions-helper,A helper NPM package for Firebase Cloud Functions,chai|||firebase-admin,firebase||| cloud||| functions||| helper||| firebase-functions||| firebase-helper||| firestore||| npm-package
https://libraries.io/npm/shrinkydink,shrinkydink,This is a simple utility to turn your npm-shrinkwrap.json from this.,minimist,shrinkydink
https://libraries.io/npm/insert,insert,DOM insertion library,to-array,insert
https://libraries.io/packagist/eloquent%2Fcomposer-npm-bridge,eloquent/composer-npm-bridge,NPM integration for Composer packages.,composer-plugin-api,package||| plugin||| composer||| Bridge||| npm||| integration||| composer-plugin
https://libraries.io/npm/sdp-simulcast,sdp-simulcast,A simple npm module that enables Chrome's native simulcast.,sdp-transform,sdp||| webrtc||| simulcast
https://libraries.io/npm/qemu,qemu,QEmu as a npm package for NodeOS,prebuild-install,emulator||| x86||| i386||| x86_64||| arm||| nodeos||| qemu
https://libraries.io/npm/grunt-project-update,grunt-project-update,"Grunt task to update bower, npm, and other arbitrary update tasks.",async|||grunt,grunt||| project||| update||| bower||| npm
https://libraries.io/npm/@unumux%2Feslint-config-unumux,unumux/eslint-config-unumux,This repo contains defaults for the Unum UX team's default eslint configuration.,babel-eslint ||| eslint |||  eslint-plugin-react,unumux/eslint-config-unumux
https://libraries.io/npm/hapi-stateless-notifications,hapi-stateless-notifications,"A simple, explicit-state plugin to pass notices between pages.",bluebird ||| debuglog ||| token-facilitator,hapi||| plugin||| notification||| redis||| REST||| stateless
https://libraries.io/npm/accordion-collapse-react-native,accordion-collapse-react-native,It is a react native javascript component that allow you to show an accordion or a collapse.,lodash.get,react||| react-native||| Accordion||| Collapse||| show||| hide||| click to show/hide||| android||| ios||| collapsable
https://libraries.io/npm/angular-file-uploader,angular-file-uploader,"Angular file uploader is an Angular 2/4/5/6 file uploader module with Real-Time Progress Bar, Angular Universal Compatibility and multiple themes which includes Drag and Drop and much more.",tslib,angular||| file upload||| drag and drop||| upload||| uploader||| ng||| angular 2||| angular 4||| angular 5||| angular 6||| universal||| img||| image upload||| formdata||| drag-and-drop||| file||| file-upload||| formdata-format||| image||| image-upload||| image-uploader||| module||| npm||| npm-package
https://libraries.io/npm/resolve-dependency,resolve-dependency,Find The File That Dependency Path Resolves To.,wrote/exists,resolve-dependency||| npm||| dependency||| path||| modules||| require||| resolve||| file
https://libraries.io/npm/normalize-registry-metadata,normalize-registry-metadata,Clean package metadata objects you get from registry changes feeds.,semver,npm||| package||| metadata||| change||| couch||| version||| semver
https://libraries.io/npm/barrelsby,barrelsby,Automatic TypeScript barrels for your entire code base.,types/yargs ||| yargs,TypeScript||| Barrel||| Module||| Barrelsby||| cli||| index||| node||| npm
https://libraries.io/npm/distify-cli,distify-cli,Create distribution files for npm packages.,distify-npm-package ||| parse-argv,distify-cli
https://libraries.io/npm/install-peers-cli,install-peers-cli,"CLI to install project's peerDependencies, without side effects.",commander||| executioner,peerdependencies||| peers||| peerdeps||| dev||| devdeps||| devdependencies||| install||| npm||| yarn||| local||| workspaces||| pure||| lock||| lockfile||| dependencies||| file||| peer
https://libraries.io/npm/reduce-blank,reduce-blank,A NPM command-line tool for reducing excessive blank characters in text files.,gitignore-parser,command-line||| trim||| clean-code
https://libraries.io/hex/husky,husky,"Git hooks made easy. Husky can prevent bad git commit, git push and more 🐶 ❤️ woof! - Elixir equivalent of the husky npm package",poison,husky
https://libraries.io/npm/audit-filter,audit-filter,Filters npm audit output for use in CI,docopt,audit||| npm||| security
https://libraries.io/npm/@npmcorp%2Fpui-css-media,npmcorp/pui-css-media,"Media css component for the npm fork of Pivotal UI, based on Bootstrap.",npmcorp/pui-css-bootstrap,bootstrap||| pivotal ui||| pivotal ui modularized||| css
https://libraries.io/npm/vue-faq-accordion,vue-faq-accordion, Simple and smooth vue accordion. ,vue2-transitions,vue||| vuejs||| accordion||| faq||| faq-accordion||| vue-component
https://libraries.io/npm/uptick-demo-site,uptick-demo-site,Content for creating Uptick-branded demo sites.,jquery,uptick||| demo||| demonstration||| npm||| package||| example
https://libraries.io/npm/@npmcorp%2Fpui-css-panes,npmcorp/pui-css-panes,"Panes css component for the npm fork of Pivotal UI, based on Bootstrap.",npmcorp/pui-css-bootstrap,bootstrap||| pivotal ui||| pivotal ui modularized||| css
https://libraries.io/npm/source-deps,source-deps,A gulp plugin for automatically discovering and src'ing dependencies from Bower and NPM.,colors |||  wrench,source||| dependencies||| npm||| bower||| auto discover
https://libraries.io/npm/pbf2json,pbf2json,Golang osm pbf parser with npm wrapper,split|||through2,pelias||| openstreetmap||| pbf||| parser
https://libraries.io/npm/module-to-cdn,module-to-cdn,Get cdn config from npm module name.,semver,module-to-cdn
https://libraries.io/npm/@npmcorp%2Fpui-css-grids,npmcorp/pui-css-grids,"Grids css component for the npm fork of Pivotal UI, based on Bootstrap.",npmcorp/pui-css-bootstrap,bootstrap||| pivotal ui||| pivotal ui modularized||| css
https://libraries.io/npm/jasmine-xml-reporter,jasmine-xml-reporter,command-line params to Jasmine 2 npm module,,jasmine-xml-reporter
https://libraries.io/npm/@avalanche%2Fstylelint-config,avalanche/stylelint-config,Avalanche stylelint config.,stylelint-order,stylelint||| stylelint-config||| avalanche||| css||| css-framework||| npm||| package-based||| sass||| sass-framework||| scss
https://libraries.io/npm/install-deps-postmerge,install-deps-postmerge,Install package.json dependencies using npm or yarn as git post merge hook.,execa |||  yarn-or-npm,git||| hook||| post||| merge||| install||| dependences||| deps||| pull
https://libraries.io/npm/drag-event-service,drag-event-service,Register both mouse and touch event.,babel/runtime ||| helper-js,drag-event-service
https://libraries.io/npm/class-expression,class-expression,A handling library for OWL-style class expressions in JavaScript.,bbop-core ||| underscore,node||| npm||| client||| server||| Gene Ontology||| GO||| OWL||| class||| expression||| bbop||| Berkeley BOP||| math||| mathematics||| graph
https://libraries.io/npm/bbop-graph,bbop-graph,General purpose  graph library in JavaScript.,bbop-core ||| underscore,node||| npm||| client||| server||| Gene Ontology||| GO||| bbop||| Berkeley BOP||| math||| mathematics||| graph
https://libraries.io/npm/@gnosis.pm%2Fdx-contracts,gnosis.pm/dx-contracts,DutchX - Gnosis Dutch Auction Trading Platform. This npm package provides all smartcontracts used in the project.,gnosis.pm/gno-token ||| gnosis.pm/owl-token ||| gnosis.pm/util-contracts,gnosis.pm/dx-contracts
https://libraries.io/npm/phantom-pool,phantom-pool,Resource pool for Node.js PhantomJS,debug |||  generic-pool |||phantom,phantom||| phantomjs||| generic-pool||| pool||| pooling||| nodejs||| npm||| resource-pool
https://libraries.io/npm/mogoose,mogoose,security holding package,mysql,nodejs||| mysql||| textfiles||| import||| sql
https://libraries.io/npm/faqtor-of-publish,faqtor-of-publish,NPM publishing plugin for Faqtor build system.,types/node,build||| make||| task||| build automation
https://libraries.io/npm/all-module-paths,all-module-paths,"Get all possible javascript global or local, binaries or packages paths. Also works for those using NVM .",esm ||| global-dirs,bin||| bin-paths||| binaries||| developer-experience||| development||| dx||| global||| global-modules||| hela||| javascript||| local||| local-modules||| module||| module-paths||| npm||| package-paths||| packages||| paths||| pnpm||| tunnckocore-oss||| tunnckocorehq||| utils||| yarn||| automation||| babel||| babel-preset||| conventional-commits||| eslint||| eslint-config||| freesoftware||| git||| jest||| libraries||| modern||| monorepo||| opensource||| parse-commit-message||| parsing||| quality||| testing||| typescript||| utilities
https://libraries.io/rubygems/npm-pipeline-rails,npm-pipeline-rails,"Use any toolchain to bulid your asset files in Rails 4.2. Integrate Brunch, Gulp, Grunt, Webpack, Browserify and others seamlessly into Rails apps.",railties ||| sprockets,browserify||| brunch||| gulp||| npm||| rails||| webpack
https://libraries.io/npm/facetjs-druid-requester,facetjs-druid-requester,"This package name is not currently in use, but was formerly occupied by another package. To avoid malicious use, npm is hanging on to the package name, but loosely, and we'll probably give it to you if you want it.",q ||| request,split||| apply||| combine||| visualization||| facet||| facetjs||| requester||| druid
https://libraries.io/npm/@bigmogician%2Fpublisher,bigmogician/publisher,bigmogician/publisher,chalk||| commander,bigmogician/publisher
https://libraries.io/npm/karma-steal-npm,karma-steal-npm,karma plugin for stealjs and npm,fs-extra||| glob,karma-plugin||| karma-adapter||| stealjs
https://libraries.io/npm/spdx-licenses,spdx-licenses,"Has a list of all the valid SPDX licenses, and for a given id, will return the full name and if OSI approved.",debug ||| is2,SPDX||| license||| OSI||| npm
https://libraries.io/npm/json-stdio,json-stdio,"Write JSON to stdout, encoded for parsing by other processes.",oresoftware/json-stream-parser ||| oresoftware/safe-stringify,json||| stdout||| unix||| text||| nodejs||| npm||| inter-process-communication||| ipc||| stderr||| text-streams||| unix-philosophy
https://libraries.io/npm/promises-all,promises-all,"Track down promise states of all promise functions executing in parallel. Similar to promise.all function, but it rejects the complete promise.all() even if any one of the promise fails, where as promises-all npm will indiviudally return you the states.",bluebird,promise||| promises||| promise.all||| parallel||| asynchronous
https://libraries.io/npm/npm-gui,npm-gui,Graphical tool for managing javascript project dependencies - in a friendly way.,depcheck,gui||| npm||| yarn||| bower||| view||| client||| dependencies||| packages||| installer||| console||| dependencies-manager||| javascript||| nodejs||| webdev
https://libraries.io/npm/@w11k%2Fngx-componentdestroyed,w11k/ngx-componentdestroyed,This library provides utility methods which help to unsubscribe from ReactiveX's Observables in Angular applications.,rxjs,angular||| rxjs
https://libraries.io/npm/@ff0000-ad-tech%2Fad-geom,ff0000-ad-tech/ad-geom,A package of utilities for point transformation and manipulation; handling the leg work of matrix and vector maths.,ff0000-ad-tech/ad-utils,ff0000-ad-tech/ad-geom
https://libraries.io/npm/@types%2Fgapi.client.deploymentmanager,types/gapi.client.deploymentmanager,TypeScript definitions for non-npm package Google Google Cloud Deployment Manager API v2,types/gapi.client,definition||| dts||| types||| typescript||| typescript-definitions||| typings
https://libraries.io/npm/bbop-registry,bbop-registry,Generic lightweight listener/callback registry system.,bbop-core  ||| underscore,node||| npm||| client||| server||| Gene Ontology||| GO||| bbop||| Berkeley BOP||| AmiGO||| Minerva||| Noctua
https://libraries.io/npm/npm-script-help,npm-script-help,Utility to document npm scripts,chalk ||| cliui,npm-script-help
https://libraries.io/npm/gulp-checkstyle-jenkins-reporter,gulp-checkstyle-jenkins-reporter,Advanced reporter for gulp-jshint and gulp-jscs to be used by Jenkins . Writes output to an xml file.,mkdirp ||| replace,npm||| gulp||| jshint||| jscs||| jenkins||| reporter||| checkstyle
https://libraries.io/npm/net-keepalive,net-keepalive,"Provides high-level access to socket options like TCP_KEEPIDLE, TCP_KEEPINTVL, TCP_KEEPCNT",ffi-napi ||| ref-napi,ffi||| setsockopt||| getsockopt||| ref||| net||| keep-alive||| keepalive||| keep alive||| keep||| alive||| tcp||| ffi-bindings||| network||| nodejs||| npm||| npm-package||| socket||| tcp-socket
https://libraries.io/npm/mtr-match,mtr-match,Match is a lightweight library for checking that arguments and other values are of the expected type.,meteor-ejson ||| underscore,mtr-match
https://libraries.io/npm/srun,srun,"Define atomic steps, then build scripts with them. a global context object between steps is included for you.",yargs,npm||| postpublish||| publish||| step||| scripts||| task||| runner||| module||| development
https://libraries.io/npm/prismjs-package,prismjs-package,Prismjs syntax highlighter compiled as npm package.,lodash,prismjs
https://libraries.io/npm/get-repository-url,get-repository-url,Get the GitHub repository URL from a NPM package name.,get-pkg,get||| json||| module||| npm||| object||| package||| package.json||| pkg||| pkgs||| repository||| url||| github||| project||| repo
https://libraries.io/npm/npm-maintainers-au,npm-maintainers-au,A utility to fetch and collate a list of Australian npm package maintainers.,npm-maintainers,npm-maintainers-au
https://libraries.io/npm/npm-module-search,npm-module-search,A module to search for npm modules.,request,npm-module-search
https://libraries.io/npm/expess,expess,Security holding package.,express,expess
https://libraries.io/npm/npm-dts-webpack-plugin,npm-dts-webpack-plugin,Webpack plugin generating single dts file for bundling TypeScript NPM packages.,npm-dts,webpack||| dts||| npm||| package||| ts||| TypeScript||| tsc||| index.d.ts||| single||| file||| bundle||| concatenate||| simple||| auto||| generator||| vytenis||| urbonavicius||| vytenisu||| WhiteTurbine||| Whitend
https://libraries.io/npm/angular-mgl-timeline,angular-mgl-timeline,This is a animated vertical timeline component for Angular 2+. Angular Material is supported but not mandatory.,tslib,angular||| javascript||| material||| timeline||| typescript
https://libraries.io/npm/@types%2Fqlik-visualizationextensions,types/qlik-visualizationextensions,TypeScript definitions for non-npm package qlik-visualizationextensions.,types/angular,definition||| dts||| types||| typescript||| typescript-definitions||| typings
https://libraries.io/npm/vue-functions,vue-functions,npm install vue-functions,babel/runtime ||| helper-js,vue-functions
https://libraries.io/npm/check-update-github,check-update-github,Check if there are a update.,colors ||| got,check||| update||| cli||| npm||| updater||| checker||| version||| beta||| alpha||| omega||| patch||| fx||| zero||| final||| release
https://libraries.io/npm/bugfixes,bugfixes,NPM for BugFixes so that its easy to integrate into Node projects.,jsonwebtoken ||| uuid,bugfixes
